,property_type,state,lat,lon,area_m2,price_usd
1,house,Estado de México,19.560181,-99.233528,150,67965.56
2,house,Nuevo León,25.6884355,-100.1988071,186,63223.78
3,apartment,Guerrero,16.767704,-99.764383,82,84298.37
4,apartment,Guerrero,16.829782,-99.911012,150,94308.8
5,house,Yucatán,21.05258302,-89.53863859,205,105191.37
6,apartment,Nuevo León,25.721081,-100.345581,72,68421.05
7,house,Morelos,23.634501,-102.552788,360,278947.37
8,apartment,Estado de México,19.2720402,-99.572013,85,65789.47
9,house,San Luis Potosí,22.13888212,-100.9965101,158,111578.95
10,apartment,Distrito Federal,19.394558,-99.129707,65,39904.74
11,house,Veracruz de Ignacio de la Llave,19.1680666,-96.160663,100,35263.16
12,apartment,Distrito Federal,19.3261963,-99.14058611,74,157368.42
13,house,Yucatán,21.0552216,-89.6583682,220,112473.68
14,house,Chihuahua,28.691416,-106.13604,236,110526.32
15,apartment,Jalisco,20.641428,-103.417295,85,88947.37
16,house,San Luis Potosí,22.126078,-100.944672,131,55000
17,house,Puebla,19.03642362,-98.19941841,337,163157.89
18,apartment,Distrito Federal,19.367239,-99.186126,92,184210.53
19,apartment,Guerrero,16.851935,-99.844955,195,105263.16
20,house,Veracruz de Ignacio de la Llave,19.153019,-96.12487,207,144736.84
21,house,Nuevo León,25.75013289,-100.2701137,280,104736.84
22,apartment,Estado de México,19.536253,-99.240456,99,65789.47
23,house,Chiapas,19.673779,-101.187927,210,136842.11
24,house,Baja California,32.4690603,-116.8196303,111,71911.21
25,house,Yucatán,21.030771,-89.646347,150,63157.89
26,house,Chiapas,16.717077,-93.162903,170,94736.84
27,house,Morelos,18.813908,-99.201675,86,52631.58
28,apartment,Distrito Federal,19.473001,-99.087491,79,35841.58
29,house,Yucatán,21.072905,-89.65963,190,97368.42
30,house,Querétaro,20.618279,-100.346985,237,157894.74
31,house,Yucatán,21.075163,-89.516731,300,115263.16
32,house,Guerrero,16.86597275,-99.87171739,300,131578.95
33,house,Veracruz de Ignacio de la Llave,25.582705,-103.376805,232,81578.95
34,house,Yucatán,21.017197,-89.574516,220,92105.26
35,house,Hidalgo,20.036614,-98.77615,295,94736.84
36,house,Yucatán,21.0399331,-89.5965747,240,99473.68
37,house,Morelos,18.893921,-99.221429,160,150000
38,house,Veracruz de Ignacio de la Llave,25.545829,-103.38708,115,57894.74
39,house,Quintana Roo,21.139086,-86.84964,290,118421.05
40,house,Chiapas,19.681248,-101.209167,180,71052.63
41,apartment,Distrito Federal,19.271467,-99.146309,98,130842.11
42,house,Chiapas,19.724886,-101.118018,120,73684.21
43,house,Estado de México,19.420156,-99.249458,378,321052.63
44,house,Guanajuato,20.684505,-101.406695,280,189473.68
45,house,Puebla,18.984862,-98.222234,299,231578.95
46,house,Distrito Federal,19.289286,-99.158066,140,124210.53
47,house,San Luis Potosí,22.150696,-101.010025,172,81052.63
48,apartment,Distrito Federal,19.444924,-99.139843,60,46280.68
49,house,Tabasco,18.017324,-92.899362,98,36842.11
50,house,Puebla,19.014643,-98.170731,286,260526.32
51,house,Tamaulipas,22.258686,-97.851753,163,105263.16
52,house,Distrito Federal,19.378482,-99.220795,100,201061.21
53,house,Morelos,18.93409,-99.254997,240,178947.37
54,house,Yucatán,21.0315095,-89.600513,325,186842.11
55,apartment,Yucatán,21.072905,-89.65963,190,184210.53
56,apartment,Morelos,18.923538,-99.241848,110,57894.74
57,house,Querétaro,20.681293,-100.329622,155,97368.42
58,house,Morelos,18.821062,-98.949371,120,69473.68
59,apartment,Guerrero,16.8531086,-99.8236533,141,121052.63
60,apartment,Puebla,19.049024,-98.281669,127,88947.37
61,house,Tamaulipas,22.34005336,-97.88609952,165,89473.68
62,house,Morelos,18.862602,-99.213448,145,97368.42
63,apartment,Yucatán,21.018724,-89.589836,60,47105.26
64,house,Jalisco,20.569456,-103.50165,176,123684.21
65,apartment,Distrito Federal,19.3934457,-99.1796926,100,279193.58
66,apartment,Distrito Federal,19.436024,-99.15461,64,236842.11
67,apartment,Distrito Federal,19.378009,-99.193543,180,78189.47
68,apartment,Distrito Federal,19.416294,-99.16748,117,289421.05
69,house,Morelos,18.859078,-99.176287,82,40000
70,house,Querétaro,20.692161,-100.465025,258,147368.42
71,house,Querétaro,20.394361,-99.973053,120,73684.21
72,house,Baja California,32.453504,-117.038495,111,71911.21
73,house,Tabasco,23.634501,-102.552788,82,44736.84
74,house,Estado de México,19.619862,-99.146996,75,37037.11
75,house,Hidalgo,20.059035,-98.790359,240,142105.26
76,house,Estado de México,19.468129,-99.04049,86,42807.63
77,house,Yucatán,21.0424858,-89.5568382,200,91315.79
78,house,Guerrero,16.758369,-99.768737,136,134715.79
79,house,Nuevo León,25.6315927,-100.1953926,90,43157.89
80,apartment,Quintana Roo,21.15958774,-86.82220861,145,166315.79
81,apartment,Guerrero,16.860338,-99.870399,250,100000
82,apartment,Guerrero,16.86656582,-99.88082886,108,51578.95
83,apartment,Jalisco,20.685983,-103.447155,64,77368.42
84,house,Yucatán,21.0751632,-89.5167298,252,103945.63
85,apartment,Distrito Federal,19.376822,-99.174675,114,233473.68
86,apartment,Puebla,19.0303511,-98.3143192,102,97368.42
87,house,Distrito Federal,19.433274,-99.210758,304,231478.95
88,apartment,Distrito Federal,19.394358,-99.177444,100,229400
89,house,Yucatán,21.039522,-89.563911,146,76315.79
90,house,Morelos,18.8954874,-99.1732936,154,93684.21
91,house,Puebla,18.984862,-98.222234,289,226315.79
92,house,Yucatán,21.072905,-89.65963,90,63157.89
93,house,Morelos,18.813908,-99.201675,67,34210.53
94,house,Jalisco,20.424117,-103.29756,299,163157.89
95,house,Yucatán,21.0381057,-89.5933722,182,105000
96,house,Estado de México,19.28283025,-99.56667352,267,157894.74
97,house,Chihuahua,28.6464221,-106.0860628,233,155263.16
98,apartment,Estado de México,19.5652097,-99.2646998,87,97368.42
99,house,Estado de México,19.284855,-98.950752,80,69473.68
100,house,Nayarit,20.70506,-105.269812,101,65789.47
101,house,Distrito Federal,19.2753576,-99.1675547,370,263157.89
102,apartment,Veracruz de Ignacio de la Llave,19.137135,-96.112946,110,57894.74
103,house,Jalisco,20.675995,-103.420837,220,213157.89
104,house,Tamaulipas,22.3151894,-97.8573594,318,47368.42
105,apartment,Distrito Federal,19.436404,-99.173617,70,90014.95
106,house,Quintana Roo,21.095711,-86.869343,147,98368.42
107,house,Baja California,32.509445,-116.985857,104,78947.37
108,house,Jalisco,20.616705,-103.413612,105,65789.47
109,house,Sinaloa,23.215713,-106.418182,315,252631.58
110,house,Yucatán,21.039522,-89.563911,277,147368.42
111,house,Yucatán,21.072905,-89.65963,240,122894.74
112,house,Yucatán,21.072905,-89.65963,201,75210.53
113,apartment,Yucatán,21.015982,-89.705116,172,176315.79
114,apartment,San Luis Potosí,22.12590752,-100.9865534,103,53684.21
115,house,Querétaro,20.547674,-100.394761,110,51578.95
116,apartment,Jalisco,20.677448,-103.400405,135,236842.11
117,house,Veracruz de Ignacio de la Llave,20.9638852,-97.4124504,88,44736.84
118,apartment,Distrito Federal,19.4034054,-99.1825418,120,209311.05
119,house,Querétaro,20.3951106,-99.9856344,180,73684.21
120,house,Estado de México,19.536936,-99.22732,270,184210.53
121,apartment,Distrito Federal,19.453142,-99.180214,68,52631.58
122,house,Veracruz de Ignacio de la Llave,19.14966827,-96.12028599,150,71052.63
123,house,Distrito Federal,19.3434214,-99.1294848,280,314736.84
124,house,Hidalgo,20.099826,-98.772656,140,51842.11
125,house,Distrito Federal,19.473623,-99.124863,147,122419.26
126,apartment,Querétaro,20.5835963,-100.3729496,144,160263.16
127,house,Puebla,23.634501,-102.552788,173,139473.68
128,house,Querétaro,20.58787576,-100.446496,111,69684.21
129,house,Colima,19.232695,-103.696887,189,63157.89
130,apartment,Baja California,32.440475,-116.983772,70,36263.16
131,house,Veracruz de Ignacio de la Llave,19.513165,-96.898109,130,118421.05
132,house,Hidalgo,23.634501,-102.552784,140,78947.37
133,house,Chihuahua,28.6983446,-106.0940375,350,231578.95
134,house,Sinaloa,24.770091,-107.444782,155,76315.79
135,house,Tamaulipas,26.078394,-98.325452,80,44736.84
136,house,Sonora,28.95479589,-111.0455946,206,86842.11
137,house,Nuevo León,25.626854,-100.188538,170,78947.37
138,house,Querétaro,20.662301,-100.441093,235,131578.95
139,apartment,Quintana Roo,21.04980598,-86.85358784,178,205578.95
140,house,Chiapas,16.740425,-93.12841,170,94736.84
141,apartment,Distrito Federal,19.395097,-99.150424,65,53102.79
142,apartment,Morelos,18.960824,-99.268107,92,57894.74
143,house,Querétaro,20.7037,-100.462857,220,168421.05
144,house,Chihuahua,28.64073,-106.109581,300,197368.42
145,apartment,Distrito Federal,19.305233,-99.12269,75,47631.58
146,apartment,Estado de México,19.379597,-99.293808,80,166863.16
147,house,Estado de México,19.26183971,-99.58393506,195,136842.11
148,apartment,Distrito Federal,19.2753576,-99.1675547,101,173421.05
149,house,Durango,25.553129,-103.510059,187,42105.26
150,apartment,Morelos,18.93409,-99.254997,130,94736.84
151,house,Distrito Federal,19.346687,-99.011513,115,89210.53
152,house,Guerrero,16.838398,-99.897744,113,97368.42
153,house,Estado de México,19.482168,-99.264038,140,34021.74
154,house,Sinaloa,24.8427771,-107.3931108,117,47368.42
155,house,Quintana Roo,21.101317,-86.862888,182,134210.53
156,house,Quintana Roo,21.164147,-86.868479,330,197982.11
157,apartment,Nuevo León,25.647146,-100.356804,100,200000
158,house,Nuevo León,25.64423457,-100.2966356,228,142105.26
159,house,Sonora,29.0904798,-110.9747137,298,184210.53
160,house,Baja California Sur,24.15963233,-110.3057599,96,65789.47
161,house,Jalisco,20.784784,-103.471496,79,41052.63
162,house,Tamaulipas,22.2465535,-97.8721436,109,78947.37
163,house,Estado de México,19.569101,-99.303513,180,251578.95
164,house,Yucatán,21.039522,-89.563911,214,117894.74
165,house,Querétaro,20.555649,-100.38488,325,206315.79
166,apartment,Distrito Federal,19.405298,-99.164986,74,225263.16
167,apartment,Distrito Federal,19.258038,-99.161589,160,147368.42
168,house,Morelos,18.823669,-99.227295,165,86842.11
169,apartment,Distrito Federal,19.377171,-99.188503,75,106736.84
170,house,Yucatán,21.017197,-89.574516,206,113710.53
171,house,Morelos,18.892714,-99.1996,90,57894.74
172,house,Estado de México,19.636706,-99.101569,250,131578.95
173,house,Yucatán,21.039522,-89.563911,274,152368.42
174,house,Veracruz de Ignacio de la Llave,18.134026,-94.476112,235,165789.47
175,house,Yucatán,21.07671918,-89.62775633,155,67894.74
176,apartment,Distrito Federal,19.401509,-99.154034,90,116403.58
177,house,Tabasco,18.072582,-93.165413,350,66315.79
178,house,Yucatán,21.072905,-89.65963,190,97368.42
179,house,Tamaulipas,22.247913,-97.875565,263,127368.42
180,house,San Luis Potosí,22.148722,-101.00119,190,115789.47
181,house,Baja California,32.494743,-117.016784,92,51578.95
182,house,San Luis Potosí,22.18978923,-100.9525537,138,50000
183,house,Puebla,18.96295456,-98.27967882,222,151578.95
184,house,Morelos,18.8859084,-99.19064,110,86842.11
185,house,Chihuahua,28.643902,-106.130157,355,260526.32
186,apartment,Distrito Federal,19.347683,-99.165877,135,236842.11
187,apartment,Distrito Federal,19.375374,-99.137657,110,77894.74
188,house,Distrito Federal,19.52395,-99.152881,95,147631.58
189,house,Guerrero,16.757619,-99.767532,140,144736.84
190,house,Yucatán,21.075163,-89.516731,197,91052.63
191,house,Puebla,19.02038,-98.207626,380,205263.16
192,house,Aguascalientes,21.9243493,-102.2833909,140,35789.47
193,house,Quintana Roo,21.1351429,-86.837489,80,44736.84
194,apartment,Distrito Federal,19.39365,-99.14769,75,157489.47
195,house,Nuevo León,25.733049,-100.22847,200,69473.68
196,house,Baja California Sur,24.141701,-110.347267,275,184210.53
197,house,Jalisco,20.579091,-103.430379,164,86842.11
198,house,Nuevo León,25.731798,-100.349091,180,74234.37
199,house,Estado de México,19.672207,-99.015656,122,139473.68
200,apartment,Estado de México,19.401066,-99.277168,190,305263.16
201,house,Yucatán,21.00227,-89.5650908,131,69578.95
202,house,Quintana Roo,20.680066,-87.038345,208,176842.11
203,apartment,Guerrero,16.86483064,-99.87526059,61,44736.84
204,house,Jalisco,20.760167,-103.379168,83,44736.84
205,house,Yucatán,21.02838037,-89.56463993,174,35526.32
206,house,Tlaxcala,19.341597,-98.215828,180,168421.05
207,house,Veracruz de Ignacio de la Llave,25.596904,-103.4203,118,44736.84
208,house,Chiapas,19.665554,-101.235738,115,77631.58
209,house,Estado de México,19.650003,-99.220367,245,100000
210,house,Nuevo León,25.7708161,-100.4340179,100,60526.32
211,house,Tamaulipas,22.2331041,-97.861099,130,92105.26
212,house,Nuevo León,25.723276,-100.401518,278,240526.32
213,house,Puebla,19.044477,-98.328011,260,236842.11
214,house,Estado de México,19.562922,-99.254974,120,45789.47
215,apartment,Nuevo León,25.580088,-100.239685,130,104210.53
216,house,Puebla,19.055344,-98.212046,146,76315.79
217,house,Morelos,23.634501,-102.552788,290,221052.63
218,apartment,Distrito Federal,19.34189,-99.166374,80,97678.95
219,house,Estado de México,19.404718,-99.263313,139,252631.58
220,house,Querétaro,20.675023,-100.457086,304,273684.21
221,house,Estado de México,19.532259,-99.23214,220,204000
222,house,Tamaulipas,22.313122,-97.858559,193,50000
223,house,Tamaulipas,22.29275303,-97.89062485,88,60526.32
224,house,Morelos,18.864874,-98.925911,130,86842.11
225,house,Querétaro,20.726007,-100.442642,290,199473.68
226,house,Nayarit,20.7204378,-105.2706825,152,65789.47
227,house,Veracruz de Ignacio de la Llave,19.1368849,-96.1093008,130,57894.74
228,apartment,Estado de México,19.291351,-99.668945,85,48000
229,apartment,Morelos,18.9242095,-99.2215659,80,39473.68
230,apartment,Quintana Roo,21.152496,-86.869834,99,147368.42
231,house,Puebla,19.027103,-98.270025,166,83157.89
232,house,Nuevo León,25.56551,-100.223213,350,223684.21
233,house,Morelos,18.813505,-98.953514,140,63157.89
234,house,Yucatán,21.039522,-89.563911,253,120263.16
235,house,Morelos,18.804409,-98.959038,230,65789.47
236,house,Nuevo León,25.584658,-100.257912,350,262631.58
237,house,Estado de México,19.225745,-99.567856,270,207894.74
238,house,Jalisco,20.763189,-103.389053,95,81578.95
239,house,Distrito Federal,19.383512,-99.084804,115,94210.53
240,house,Jalisco,20.6460186,-105.2267944,160,126315.79
241,apartment,Distrito Federal,19.367025,-99.170349,85,165789.47
242,house,Querétaro,20.604974,-100.409786,110,52105.26
243,house,Aguascalientes,21.93248,-102.297005,305,192105.26
244,house,San Luis Potosí,22.133745,-101.016029,126,113105.26
245,apartment,Puebla,19.054064,-98.245911,87,46973.68
246,house,Puebla,19.0303511,-98.3143192,122,113684.21
247,house,Morelos,18.947784,-99.201675,300,242105.26
248,apartment,Distrito Federal,19.3418937,-99.2245237,145,244736.84
249,house,Veracruz de Ignacio de la Llave,20.963127,-97.385071,200,184210.53
250,house,Estado de México,19.550089,-99.214828,87,51000
251,house,Tamaulipas,22.307415,-97.859846,61,33684.21
252,house,Morelos,18.8879389,-99.0247871,76,68421.05
253,house,Yucatán,21.030668,-89.599258,144,86789.47
254,apartment,Veracruz de Ignacio de la Llave,19.10283721,-96.11123085,160,92105.26
255,house,Distrito Federal,19.353592,-99.177275,360,230842.11
256,house,Yucatán,21.01144518,-89.57977295,222,113157.89
257,house,Estado de México,19.263756,-99.540924,134,92105.26
258,house,Estado de México,19.415097,-98.918523,85,49473.68
259,house,Distrito Federal,19.471368,-99.08649,280,141052.63
260,house,Veracruz de Ignacio de la Llave,19.125807,-96.104954,251,139473.68
261,house,Distrito Federal,19.414261,-99.104118,167,236842.11
262,house,Baja California,32.469454,-117.003688,93,89421.05
263,house,Estado de México,19.5224961,-99.255074,230,227684.21
264,house,Yucatán,21.039522,-89.563911,181,97894.74
265,house,Quintana Roo,20.6295586,-87.0738851,143,127894.74
266,house,Veracruz de Ignacio de la Llave,19.17078,-96.12487,380,236842.11
267,house,Chiapas,16.756552,-93.181732,326,192217.47
268,house,Querétaro,20.5745579,-100.4129676,160,194736.84
269,house,Jalisco,20.62192,-103.259237,250,110526.32
270,apartment,Yucatán,21.06334852,-89.61303592,60,46789.47
271,house,Nuevo León,25.749624,-100.304192,172,121052.63
272,house,Puebla,19.036623,-98.190544,204,78947.37
273,house,Distrito Federal,19.358008,-99.127094,95,101157.89
274,house,Chiapas,19.701565,-101.270798,250,63157.89
275,apartment,Distrito Federal,19.415143,-99.14685,70,36421.05
276,house,Veracruz de Ignacio de la Llave,18.1479784,-94.4626507,157,121052.63
277,apartment,Guerrero,16.794599,-99.83012,230,207894.74
278,house,Querétaro,20.594322,-100.365929,298,173684.21
279,house,Morelos,18.919898,-98.978835,190,97368.42
280,house,Veracruz de Ignacio de la Llave,19.074387,-96.086259,245,151315.79
281,house,Guerrero,16.758724,-99.767563,142,100000
282,house,Estado de México,19.650003,-99.220367,132,137105.26
283,house,Estado de México,19.72876,-99.461708,90,70263.16
284,house,Jalisco,23.634501,-102.552788,127,84210.53
285,house,Yucatán,20.999449,-89.6334,300,228947.37
286,house,Yucatán,21.0411724,-89.5550539,215,98162.37
287,house,Puebla,19.105051,-98.243682,170,97368.42
288,apartment,Yucatán,21.0381057,-89.5933722,186,148739.68
289,house,Veracruz de Ignacio de la Llave,19.136782,-96.123543,210,89473.68
290,house,Baja California,32.63496,-115.391907,110,102631.58
291,house,Yucatán,21.039522,-89.563911,223,125926.68
292,house,Veracruz de Ignacio de la Llave,25.535009,-103.302429,350,42105.26
293,house,Nayarit,20.7053975,-105.2684878,101,65789.47
294,house,Veracruz de Ignacio de la Llave,25.659972,-103.366303,170,49473.68
295,house,Tamaulipas,22.2722052,-97.8476749,214,128947.37
296,house,Morelos,18.867191,-99.180214,184,86842.11
297,house,Querétaro,20.6962084,-100.4506587,120,76315.79
298,house,Distrito Federal,19.285162,-99.194185,150,110000
299,house,Estado de México,19.497893,-99.244125,250,234210.53
300,apartment,Guerrero,23.634501,-102.552788,170,157894.74
301,house,Sonora,23.634501,-102.552788,383,184210.53
302,house,Querétaro,20.389062,-99.957622,95,48947.37
303,apartment,Guerrero,16.828667,-99.858981,137,97368.42
304,house,Querétaro,20.705742,-100.444016,258,210526.32
305,apartment,Distrito Federal,19.35782,-99.149406,80,68157.89
306,house,Morelos,18.864874,-98.925911,121,65789.47
307,house,Distrito Federal,19.342911,-99.224472,120,171949.05
308,house,Estado de México,23.634501,-102.552788,228,149000
309,house,Sonora,29.063726,-110.976746,102,57894.74
310,house,Nuevo León,25.801826,-100.196945,190,104736.84
311,house,Querétaro,20.5951924,-100.3479663,180,120000
312,house,Puebla,19.059084,-98.286095,165,94736.84
313,house,Estado de México,23.634501,-102.552788,150,35368.42
314,apartment,Querétaro,20.726007,-100.442642,135,115789.47
315,house,Yucatán,21.0278699,-89.5880314,240,184210.53
316,house,Morelos,18.91473109,-98.94081116,140,118421.05
317,house,Yucatán,20.968147,-89.629875,70,78947.37
318,house,Nuevo León,25.674595,-100.463539,234,113157.89
319,house,Yucatán,21.039522,-89.563911,220,118421.05
320,house,Morelos,18.850763,-98.943855,160,84210.53
321,house,Querétaro,20.726007,-100.442642,250,194736.84
322,apartment,Puebla,19.056689,-98.237817,120,115789.47
323,house,Tamaulipas,22.270658,-97.849037,380,263157.89
324,house,Jalisco,20.748312,-103.429504,96,77631.58
325,house,Querétaro,20.614635,-100.416756,139,92105.26
326,house,San Luis Potosí,22.152988,-100.965364,250,115789.47
327,house,Yucatán,21.039522,-89.563911,220,94210.53
328,house,Nuevo León,25.723516,-100.393311,290,181263.16
329,house,Veracruz de Ignacio de la Llave,19.563767,-96.938694,300,228947.37
330,apartment,Distrito Federal,19.474885,-99.188231,92,71052.63
331,house,Morelos,18.8624622,-99.2120335,261,221052.63
332,house,Estado de México,19.508698,-98.875664,260,44789.47
333,house,Yucatán,20.968791,-89.5857147,228,66526.32
334,apartment,Estado de México,19.3735635,-99.2965778,126,142105.26
335,house,Tamaulipas,22.2453265,-97.8431699,131,73684.21
336,apartment,Distrito Federal,19.303392,-99.243225,80,52428.26
337,apartment,Guerrero,16.794434,-99.830807,256,307127.16
338,house,Tamaulipas,22.300137,-97.897331,111,63157.89
339,house,Jalisco,20.749051,-103.66731,300,147368.42
340,house,Veracruz de Ignacio de la Llave,26.847851,-101.424133,160,67026.32
341,house,Baja California,23.634501,-102.552788,115,42631.58
342,apartment,Puebla,19.02038,-98.207626,219,101315.79
343,house,Hidalgo,20.0519991,-98.755252,110,44736.84
344,house,Yucatán,21.0634817,-89.6110378,250,118421.05
345,house,Distrito Federal,19.399652,-99.16127,235,205263.16
346,house,Durango,24.043295,-104.636917,350,236842.11
347,house,Veracruz de Ignacio de la Llave,25.551631,-103.432737,236,39473.68
348,house,Querétaro,20.574251,-100.388476,195,63157.89
349,apartment,Distrito Federal,19.482603,-99.194748,60,78947.37
350,house,Morelos,18.953268,-99.224525,201,78947.37
351,apartment,Morelos,18.891611,-99.221756,93,49473.68
352,apartment,San Luis Potosí,22.1441622,-101.0358237,160,89421.05
353,house,Estado de México,19.2693686,-99.6021262,250,294736.84
354,house,Yucatán,21.0749983,-89.5195181,242,101884.21
355,house,Puebla,18.462721,-97.414111,250,144736.84
356,house,Estado de México,19.595285,-99.050201,120,36842.11
357,house,Sonora,27.934649,-110.94401,134,57894.74
358,house,Sinaloa,24.79119169,-107.3835468,300,144736.84
359,house,Distrito Federal,19.500286,-99.122093,180,118421.05
360,house,Yucatán,21.072905,-89.65963,253,110526.32
361,house,Tlaxcala,19.4171734,-98.1434147,140,44736.84
362,house,Yucatán,21.008295,-89.591019,250,158210.53
363,house,Morelos,18.864482,-98.928802,121,65789.47
364,house,Distrito Federal,19.366935,-99.077541,208,77089.47
365,house,San Luis Potosí,23.634501,-102.552788,198,110526.32
366,house,Chiapas,16.757278,-93.134056,255,165043.74
367,house,Nayarit,20.697244,-105.274384,160,155263.16
368,house,Puebla,19.02038,-98.207626,330,184210.53
369,house,Quintana Roo,21.1773896,-86.8179603,290,118421.05
370,house,Guerrero,16.855229,-99.918871,150,57894.74
371,house,Tabasco,17.97423,-92.923836,110,55263.16
372,house,Distrito Federal,19.313719,-99.231792,300,103684.21
373,house,Durango,25.58972991,-103.4631872,118,50000
374,house,Quintana Roo,21.161908,-86.8515279,204,157368.42
375,house,Yucatán,21.03071,-89.618103,131,71052.63
376,apartment,Distrito Federal,19.39912,-99.141464,74,175368.42
377,house,Yucatán,21.05632272,-89.66288656,220,105263.16
378,house,Estado de México,19.5139313,-99.2281847,160,106368.42
379,house,Querétaro,20.598278,-100.33121,140,92631.58
380,house,Sinaloa,23.270559,-106.389061,158,71052.63
381,house,Baja California Sur,23.634501,-102.552788,80,50000
382,apartment,Guerrero,16.85952231,-99.86284733,142,110526.32
383,house,Morelos,18.884224,-98.982506,150,46315.79
384,house,Morelos,18.862602,-99.213448,160,103157.89
385,apartment,Distrito Federal,19.40012,-99.1532,84,93368.42
386,house,Veracruz de Ignacio de la Llave,25.55617,-103.481529,307,110526.32
387,house,Veracruz de Ignacio de la Llave,25.573046,-103.443045,200,35789.47
388,house,Morelos,18.858107,-99.200287,105,72578.95
389,house,Chihuahua,28.6569304,-106.0919272,115,68421.05
390,house,Veracruz de Ignacio de la Llave,28.684125,-100.541089,160,44736.84
391,house,Tamaulipas,22.254078,-97.824554,140,60526.32
392,house,Chiapas,16.766455,-93.111488,240,67368.42
393,house,Querétaro,20.545198,-100.407191,140,55263.16
394,house,San Luis Potosí,22.18774276,-100.9580845,200,67631.58
395,house,Morelos,18.864874,-98.925911,86,46315.79
396,apartment,San Luis Potosí,22.133104,-100.982117,130,72631.58
397,house,Tamaulipas,26.079573,-98.282845,268,115789.47
398,apartment,Veracruz de Ignacio de la Llave,19.127317,-96.106186,160,152631.58
399,apartment,Distrito Federal,19.340305,-99.214455,60,121052.63
400,house,Estado de México,19.517476,-99.272892,170,97894.74
401,house,Estado de México,19.552838,-99.251161,80,44105.26
402,apartment,Distrito Federal,19.35743172,-99.28732574,67,139473.68
403,house,Estado de México,19.69323,-99.22522,70,53097.89
404,house,Distrito Federal,19.325944,-99.098311,250,107894.74
405,house,Jalisco,20.621093,-103.319042,380,194736.84
406,house,Baja California,32.647057,-115.421524,176,102631.58
407,house,San Luis Potosí,22.141575,-100.900192,245,84210.53
408,house,Puebla,18.978682,-98.250015,128,68421.05
409,house,Querétaro,20.619887,-100.392302,350,194736.84
410,house,Morelos,18.892714,-99.1996,285,197368.42
411,house,Tamaulipas,22.329824,-97.880325,200,184210.53
412,apartment,Distrito Federal,19.322523,-99.141464,78,150000
413,house,Chiapas,16.70635,-93.177151,115,53684.21
414,house,Estado de México,19.297163,-99.635183,230,105263.16
415,house,Veracruz de Ignacio de la Llave,20.95062266,-97.42163144,64,44736.84
416,house,Yucatán,20.9725515,-89.6004394,229,51578.95
417,house,Distrito Federal,19.317675,-99.09318,229,184210.53
418,house,Morelos,18.879347,-99.179871,95,71052.63
419,house,Durango,25.625198,-103.499954,132,45789.47
420,apartment,Distrito Federal,19.401507,-99.14682,90,91052.63
421,apartment,Distrito Federal,19.474285,-99.084981,74,36000
422,house,Morelos,18.928623,-99.247382,220,89473.68
423,house,Querétaro,20.520556,-99.895833,350,205263.16
424,house,Nuevo León,25.662563,-100.18013,350,157894.74
425,house,Sinaloa,23.246303,-106.398103,200,52631.58
426,house,Morelos,18.969294,-99.249802,198,136842.11
427,apartment,Guerrero,16.75063911,-99.76263069,70,43684.21
428,house,Distrito Federal,19.335116,-99.223332,90,171578.95
429,apartment,Distrito Federal,19.402944,-99.199727,70,61242.11
430,house,Estado de México,19.682219,-99.118782,188,163157.89
431,house,Nuevo León,25.7214602,-100.2735673,85,63157.89
432,house,Querétaro,20.5980665,-100.4308988,115,71052.63
433,house,Nuevo León,25.672399,-100.257777,123,64210.53
434,apartment,Distrito Federal,19.399815,-99.150806,90,120000
435,house,Yucatán,20.9550515,-89.6793392,120,41052.63
436,house,Chiapas,16.228815,-92.128043,147,68421.05
437,apartment,Jalisco,20.69064,-103.393175,166,274592.89
438,house,Estado de México,19.258327,-99.598374,215,247105.26
439,house,Querétaro,20.726007,-100.442642,295,273684.21
440,apartment,Distrito Federal,19.403334,-99.157755,125,241060.53
441,apartment,Baja California,32.451368,-116.973935,70,36092.11
442,house,Aguascalientes,21.901482,-102.34405,350,202631.58
443,house,Jalisco,20.302476,-103.23781,340,313105.26
444,house,Puebla,19.076204,-98.266733,117,71052.63
445,apartment,Distrito Federal,19.48778,-99.110583,65,52631.58
446,house,Distrito Federal,19.3176966,-99.0612554,100,109210.53
447,house,Quintana Roo,21.129547,-86.817017,180,97368.42
448,house,Puebla,19.046724,-98.254127,136,120252.63
449,apartment,Distrito Federal,19.352431,-99.288369,80,152631.58
450,house,Morelos,18.858107,-99.200287,92,52398.95
451,house,Querétaro,20.6536084,-100.3469826,130,88947.37
452,house,Nuevo León,25.7542524,-100.4034274,137,71052.63
453,house,Yucatán,21.006756,-89.570984,155,71052.63
454,house,Morelos,18.891621,-99.071698,68,41578.95
455,house,Distrito Federal,19.317653,-99.236291,350,176315.79
456,house,Tamaulipas,22.246319,-97.86264,163,113157.89
457,apartment,Distrito Federal,23.634501,-102.552788,100,78947.37
458,apartment,Distrito Federal,19.3651763,-99.2300641,66,65789.47
459,house,Querétaro,20.593055,-100.333424,175,94736.84
460,house,Nuevo León,25.6910283,-100.3568071,340,310526.32
461,house,Jalisco,20.594706,-103.396278,90,51578.95
462,house,Veracruz de Ignacio de la Llave,23.634501,-102.552788,148,81578.95
463,house,Puebla,18.989918,-98.2295,220,89473.68
464,house,Puebla,19.043993,-98.25757,188,78947.37
465,house,Hidalgo,20.1213329,-98.7818531,66,34210.53
466,house,Nayarit,20.733392,-105.288009,172,118421.05
467,apartment,Distrito Federal,19.400249,-99.177444,150,273684.21
468,house,Yucatán,21.023252,-89.614571,300,163157.89
469,house,Hidalgo,20.124367,-98.735725,176,82473.68
470,house,Veracruz de Ignacio de la Llave,25.510947,-103.357724,146,47368.42
471,apartment,Distrito Federal,19.480501,-99.178139,70,45789.47
472,house,Yucatán,21.030668,-89.599258,305,189473.68
473,house,Querétaro,20.679045,-100.341225,157,102631.58
474,house,Aguascalientes,21.9633957,-102.343524,146,41578.95
475,house,Baja California,32.469498,-116.96022,111,34210.53
476,house,Tamaulipas,22.329824,-97.880325,138,83157.89
477,apartment,Yucatán,21.039522,-89.563911,145,126296.53
478,house,Chiapas,19.701769,-101.145103,120,34210.53
479,apartment,Guerrero,16.870413,-99.873192,150,192105.26
480,house,Estado de México,19.765149,-98.646915,380,104736.84
481,apartment,Distrito Federal,19.372248,-99.133377,65,56571.16
482,house,Distrito Federal,19.280767,-99.033615,349,95343.42
483,apartment,Distrito Federal,19.389791,-99.164696,154,263157.89
484,house,Yucatán,21.039522,-89.563911,350,160526.32
485,house,Estado de México,19.668947,-99.224525,90,40000
486,house,Puebla,19.009069,-98.196693,148,89473.68
487,house,Baja California,32.494823,-117.016725,92,51578.95
488,apartment,Distrito Federal,19.314545,-99.140672,122,244736.84
489,house,San Luis Potosí,22.1447396,-101.0273412,166,100000
490,house,Jalisco,20.64338,-103.431613,120,71052.63
491,house,Baja California,30.733356,-115.984407,200,89473.68
492,house,Estado de México,19.553615,-99.248715,260,147368.42
493,apartment,Distrito Federal,19.405298,-99.164986,80,225263.16
494,house,Querétaro,20.5969621,-100.3337597,193,118421.05
495,house,Morelos,23.634501,-102.552788,115,56842.11
496,house,Distrito Federal,19.34016,-99.194081,90,79953.95
497,house,Yucatán,21.075163,-89.516731,185,75263.16
498,house,Tamaulipas,22.257896,-97.86808,200,142105.26
499,apartment,Guerrero,16.8531086,-99.8236533,138,68421.05
500,house,Puebla,19.027384,-98.265213,160,121052.63
501,house,Estado de México,19.309069,-99.602311,146,100000
502,house,Sinaloa,23.20485,-106.424401,200,118421.05
503,house,Chihuahua,28.631943,-106.117668,170,81578.95
504,house,Yucatán,21.0399331,-89.5965747,235,128218.68
505,house,Guerrero,16.8808724,-99.9359641,104,44736.84
506,house,Baja California Sur,24.125583,-110.330846,128,94210.53
507,house,Estado de México,19.269808,-99.593781,238,197368.42
508,apartment,Distrito Federal,19.41498,-99.177444,164,289473.68
509,house,Yucatán,20.996355,-89.583946,248,126315.79
510,house,Morelos,18.954132,-99.266083,85,55263.16
511,house,Estado de México,19.494789,-99.270887,151,105789.47
512,house,Guerrero,17.6474239,-101.5455504,119,125073.68
513,house,Estado de México,19.2666119,-99.6403991,191,115789.47
514,house,Quintana Roo,21.161908,-86.8515279,210,103947.37
515,apartment,Distrito Federal,19.377171,-99.188503,72,106736.84
516,apartment,Distrito Federal,19.2790911,-99.2114234,76,40593.79
517,house,Jalisco,20.660534,-103.318809,345,68421.05
518,house,Veracruz de Ignacio de la Llave,20.95618,-97.408578,112,105263.16
519,house,San Luis Potosí,22.141575,-100.900192,229,113084.21
520,apartment,Distrito Federal,19.443178,-99.20237,115,238684.21
521,house,Yucatán,21.05258302,-89.53863859,168,80711.37
522,house,Estado de México,19.621174,-99.148073,100,36842.11
523,house,Puebla,18.915431,-98.435252,200,99473.68
524,house,Tabasco,17.962037,-92.973569,139,65789.47
525,apartment,Distrito Federal,19.30102797,-99.14421916,108,86842.11
526,apartment,Veracruz de Ignacio de la Llave,20.949051,-97.364006,300,194736.84
527,house,Estado de México,19.627731,-99.30194,146,45789.47
528,house,Baja California Sur,24.03902146,-110.3097618,250,155263.16
529,house,Quintana Roo,21.112447,-86.85264,180,131578.95
530,apartment,Distrito Federal,19.451872,-99.173522,70,66842.11
531,house,Morelos,18.913485,-99.240456,80,68421.05
532,house,Morelos,18.840925,-98.934196,110,94736.84
533,apartment,Distrito Federal,19.3819271,-99.1891539,90,178447.37
534,house,Veracruz de Ignacio de la Llave,25.558637,-103.449786,250,115789.47
535,house,Jalisco,20.764135,-103.339958,140,84210.53
536,apartment,Distrito Federal,19.385989,-99.186285,107,79342.11
537,house,Chihuahua,28.6329957,-106.0691004,290,195526.32
538,house,Puebla,18.996482,-98.239653,100,39473.68
539,apartment,Distrito Federal,19.401507,-99.14682,65,91052.63
540,house,Querétaro,20.726007,-100.442642,135,115789.47
541,house,Morelos,18.795519,-99.231445,165,93684.21
542,house,Morelos,18.885848,-98.973834,82,75694.74
543,house,Querétaro,20.403807,-99.990905,110,62105.26
544,house,San Luis Potosí,22.134478,-100.929138,97,40789.47
545,house,Estado de México,19.5562275,-99.2674713,64,52631.53
546,apartment,Querétaro,20.726007,-100.442642,173,231578.95
547,house,Nuevo León,25.757803,-100.404541,179,99473.68
548,house,San Luis Potosí,22.1593377,-101.0443504,187,100000
549,house,Querétaro,20.726007,-100.442642,180,127894.74
550,house,Distrito Federal,19.475765,-99.145,270,131578.95
551,house,Querétaro,20.6490506,-100.4393293,380,300000
552,house,Puebla,19.060701,-98.329774,255,139473.68
553,house,Veracruz de Ignacio de la Llave,25.365447,-100.9942,167,76000
554,apartment,Guerrero,23.634501,-102.552788,180,105263.16
555,house,Baja California,32.589504,-115.363762,86,41578.95
556,apartment,Distrito Federal,19.383952,-99.160229,110,176327.37
557,house,Puebla,18.97302,-98.206238,210,150000
558,apartment,Baja California Sur,24.16478214,-110.3053683,71,42105.26
559,apartment,Yucatán,21.072905,-89.65963,210,104013.16
560,house,Nuevo León,25.758963,-100.316811,175,65789.47
561,house,Puebla,19.0378006,-98.3007086,165,111578.95
562,house,Distrito Federal,19.3870644,-99.0362059,300,134210.53
563,house,Estado de México,19.5329337,-99.164866,290,244736.84
564,house,Tlaxcala,19.29712,-98.255075,160,68421.05
565,house,Morelos,23.634501,-102.552788,110,68421.05
566,house,Querétaro,20.70706703,-100.4718161,309,194736.84
567,house,Puebla,19.046589,-98.102929,92,33157.89
568,house,Nuevo León,25.7394971,-100.2754971,164,65789.47
569,house,Veracruz de Ignacio de la Llave,19.100079,-96.121007,220,150000
570,house,San Luis Potosí,22.147087,-100.960213,105,57894.74
571,house,Guanajuato,21.1264477,-101.611078,250,120526.32
572,house,Morelos,18.917542,-98.963181,140,76315.79
573,house,Distrito Federal,19.472128,-99.146697,190,102263.16
574,house,Estado de México,19.234984,-99.558175,115,110526.32
575,house,Puebla,18.9187144,-98.4266391,90,46842.11
576,house,Yucatán,21.075163,-89.516731,185,89210.53
577,apartment,Distrito Federal,19.52589,-99.151703,71,48550.59
578,house,Estado de México,19.2640539,-99.5727534,233,168636.73
579,house,Estado de México,,,300,86932.69
580,apartment,Veracruz de Ignacio de la Llave,,,84,68508.67
581,house,Jalisco,,,175,102763
582,house,Yucatán,,,223,126477.54
583,house,Quintana Roo,,,179,121207.64
584,house,Guanajuato,,,205,226869.1
585,house,Chiapas,,,130,76395.4
586,apartment,Distrito Federal,,,67,50052.15
587,apartment,Distrito Federal,,,80,51076.22
588,house,Guanajuato,,,263,152932.43
589,house,Nuevo León,,,367,216014.58
590,apartment,Distrito Federal,,,60,34246.21
591,apartment,Distrito Federal,,,120,100104.31
592,house,Veracruz de Ignacio de la Llave,,,320,158059.45
593,house,Morelos,,,122,103500.79
594,apartment,Guerrero,,,191,237145.4
595,house,Veracruz de Ignacio de la Llave,,,220,104319.23
596,apartment,Distrito Federal,,,153,65633.66
597,house,Yucatán,,,205,90115.25
598,house,Veracruz de Ignacio de la Llave,,,120,110667.85
599,house,Baja California,,,115,62585.3
600,house,Estado de México,,,260,91674.48
601,apartment,Distrito Federal,,,107,79443.7
602,house,Nuevo León,,,192,115910.26
603,house,Chiapas,,,106,52686.48
604,house,Jalisco,,,190,150192.08
605,apartment,Distrito Federal,,,103,50942.31
606,house,Morelos,,,171,105397.95
607,apartment,Quintana Roo,,,203,189716.32
608,apartment,Distrito Federal,,,140,273969.71
609,house,Distrito Federal,,,160,157532.58
610,house,Morelos,,,200,173865.39
611,apartment,Distrito Federal,,,75,56689.55
612,house,Estado de México,,,149,100104.31
613,apartment,Estado de México,,,117,144922.18
614,house,Morelos,,,293,110667.85
615,house,Veracruz de Ignacio de la Llave,,,233,99577.45
616,house,Quintana Roo,,,280,92201.34
617,house,Veracruz de Ignacio de la Llave,,,160,92130.98
618,house,San Luis Potosí,,,190,99050.58
619,house,Nuevo León,,,200,98523.72
620,house,Estado de México,,,300,52686.48
621,house,Veracruz de Ignacio de la Llave,,,180,123842.59
622,house,Distrito Federal,,,117,142253.5
623,apartment,Oaxaca,,,83,68245.17
624,apartment,Distrito Federal,,,104,103370.88
625,house,Distrito Federal,,,350,242357.82
626,apartment,Guerrero,,,100,79029.72
627,house,Morelos,,,198,123813.23
628,house,Estado de México,,,280,55039.77
629,house,Puebla,,,168,92201.34
630,apartment,Puebla,,,75,81683.41
631,house,Morelos,,,200,115910.26
632,apartment,Distrito Federal,,,80,53158.13
633,house,Morelos,,,305,189716.32
634,house,Jalisco,,,90,57955.13
635,house,Puebla,,,152,105397.95
636,apartment,San Luis Potosí,,,144,100128.05
637,apartment,Nuevo León,,,87,173490.81
638,house,Estado de México,,,84,49986.51
639,house,Guanajuato,,,90,55320.8
640,house,Chiapas,,,190,165962.42
641,house,Yucatán,,,135,89587.99
642,house,Jalisco,,,200,120652.04
643,house,Chiapas,,,260,158059.45
644,apartment,Tabasco,,,125,210745.93
645,apartment,Estado de México,,,113,153686.47
646,apartment,Morelos,,,127,131747.44
647,apartment,Baja California,,,63,36817.31
648,house,Puebla,,,272,210795.91
649,house,Querétaro,,,95,52698.97
650,house,Yucatán,,,180,72724.58
651,house,Chihuahua,,,212,44256.64
652,house,Querétaro,,,248,151210.2
653,house,Querétaro,,,198,131716.2
654,house,Veracruz de Ignacio de la Llave,,,245,147557.13
655,house,Distrito Federal,,,140,162801.23
656,house,Estado de México,,,158,86247.77
657,house,Chihuahua,,,200,134382.39
658,house,Baja California Sur,,,100,44730.82
659,apartment,Tabasco,,,67,35826.8
660,house,Jalisco,,,270,250260.79
661,house,Veracruz de Ignacio de la Llave,,,282,68508.67
662,house,Veracruz de Ignacio de la Llave,,,350,115910.26
663,house,Nuevo León,,,108,35036.51
664,house,Yucatán,,,162,83226.17
665,house,Querétaro,,,145,115910.26
666,house,Veracruz de Ignacio de la Llave,,,190,124633.08
667,house,Distrito Federal,,,80,132559.19
668,house,Morelos,,,330,184402.69
669,apartment,Distrito Federal,,,83,52574.87
670,house,Querétaro,,,135,78521.47
671,house,Morelos,,,340,289775.66
672,apartment,Distrito Federal,,,174,89430.16
673,house,Querétaro,,,93,59022.85
674,apartment,Distrito Federal,,,102,177267.41
675,house,Chiapas,,,144,71126.75
676,apartment,Distrito Federal,,,70,79029.72
677,house,Morelos,,,200,123842.59
678,house,Chiapas,,,140,84298.37
679,house,Querétaro,,,123,85178.23
680,house,Morelos,,,150,86932.69
681,house,Estado de México,,,74,33350.54
682,house,Querétaro,,,300,237089.17
683,apartment,Puebla,,,164,184446.42
684,house,Quintana Roo,,,220,136984.85
685,apartment,Morelos,,,129,137017.34
686,house,Morelos,,,71,36353.67
687,house,Veracruz de Ignacio de la Llave,,,290,115910.26
688,house,Querétaro,,,280,205477.28
689,house,Distrito Federal,,,182,68492.42
690,house,Colima,,,329,104343.97
691,house,Querétaro,,,110,59022.85
692,house,Nuevo León,,,310,237145.4
693,house,Morelos,,,250,68492.42
694,apartment,Distrito Federal,,,81,149629.61
695,house,Distrito Federal,,,210,85949.19
696,apartment,Distrito Federal,,,150,222924.2
697,house,Distrito Federal,,,96,138598.31
698,house,Querétaro,,,260,122525.12
699,house,Veracruz de Ignacio de la Llave,,,239,138334.81
700,house,Jalisco,,,275,163328.09
701,apartment,Puebla,,,192,121207.64
702,house,Chiapas,,,260,68492.42
703,house,Yucatán,,,126,77467.49
704,house,Chiapas,,,190,63223.78
705,house,Estado de México,,,230,289775.66
706,house,Chihuahua,,,182,326733.66
707,house,Jalisco,,,206,168596.74
708,house,Veracruz de Ignacio de la Llave,,,125,60589.45
709,house,Estado de México,,,210,202842.96
710,apartment,Querétaro,,,132,93781.94
711,house,Hidalgo,,,116,84087.62
712,house,Baja California,,,102,33982.78
713,house,Chiapas,,,370,192305.66
714,house,Yucatán,,,195,91632.19
715,apartment,Puebla,,,100,55847.67
716,house,Veracruz de Ignacio de la Llave,,,130,68492.42
717,house,Veracruz de Ignacio de la Llave,,,232,125393.83
718,house,Distrito Federal,,,90,136405.3
719,house,San Luis Potosí,,,168,104319.23
720,house,Sonora,,,162,57955.13
721,house,Puebla,,,165,111331.75
722,house,Distrito Federal,,,171,141199.77
723,house,Morelos,,,168,67438.69
724,house,Nuevo León,,,98,43213.16
725,house,Querétaro,,,260,163328.09
726,house,Estado de México,,,150,205526.01
727,apartment,Distrito Federal,,,60,46943.65
728,house,Morelos,,,300,289775.66
729,house,Puebla,,,156,99577.45
730,house,Estado de México,,,256,184446.42
731,house,Yucatán,,,330,171271.67
732,house,Morelos,,,220,205477.28
733,house,Tabasco,,,182,81664.04
734,house,Yucatán,,,164,62711.78
735,house,Yucatán,,,162,47417.83
736,house,Morelos,,,120,51369.32
737,house,Distrito Federal,,,317,173906.62
738,house,Querétaro,,,185,146995.28
739,house,Sinaloa,,,220,184446.42
740,apartment,Morelos,,,91,101182.03
741,house,Yucatán,,,96,57705.38
742,apartment,Quintana Roo,,,120,163366.83
743,house,Morelos,,,180,184446.42
744,house,Morelos,,,180,102738.64
745,house,Morelos,,,90,68245.17
746,house,Querétaro,,,243,200208.63
747,house,Yucatán,,,170,38470.25
748,apartment,Distrito Federal,,,83,147522.15
749,house,Chiapas,,,239,226551.88
750,house,Chihuahua,,,200,115410.76
751,house,Querétaro,,,335,250260.79
752,house,Morelos,,,210,141990.07
753,apartment,Querétaro,,,90,57428.26
754,apartment,Quintana Roo,,,75,34254.33
755,apartment,Nuevo León,,,117,140741.38
756,house,Guerrero,,,147,92750.2
757,apartment,Sinaloa,,,134,173865.39
758,house,Yucatán,,,133,76150.02
759,house,Estado de México,,,69,44783.51
760,house,Nuevo León,,,101,210795.91
761,house,Jalisco,,,350,262115.25
762,apartment,Estado de México,,,130,171231.07
763,house,Sinaloa,,,180,86932.69
764,house,Estado de México,,,200,70283.76
765,house,Estado de México,,,254,171271.67
766,house,Hidalgo,,,279,131716.2
767,house,Morelos,,,110,73234.21
768,house,Estado de México,,,73,43729.78
769,apartment,Distrito Federal,,,70,41680.96
770,house,Distrito Federal,,,380,257531.53
771,house,Chiapas,,,298,168069.88
772,apartment,Baja California,,,63,36817.31
773,apartment,Jalisco,,,180,237145.4
774,house,Guerrero,,,354,266975.89
775,apartment,Veracruz de Ignacio de la Llave,,,76,84298.37
776,apartment,Estado de México,,,75,105397.95
777,house,Morelos,,,240,183348.96
778,house,Querétaro,,,172,86953.31
779,apartment,Estado de México,,,113,153686.47
780,house,Estado de México,,,155,52159.61
781,apartment,Distrito Federal,,,82,154987.69
782,house,Morelos,,,110,84298.37
783,apartment,Querétaro,,,63,113302.8
784,house,Morelos,,,60,34773.07
785,house,Querétaro,,,254,147557.13
786,house,Campeche,,,264,172852.64
787,house,Veracruz de Ignacio de la Llave,,,192,126477.54
788,house,Tamaulipas,,,72,35988.5
789,apartment,Distrito Federal,,,70,107322.36
790,house,Distrito Federal,,,197,49999.47
791,house,San Luis Potosí,,,105,50517.24
792,apartment,Querétaro,,,105,93856.88
793,apartment,Distrito Federal,,,70,41095.45
794,house,Veracruz de Ignacio de la Llave,,,140,42623.36
795,house,Morelos,,,97,50052.15
796,apartment,San Luis Potosí,,,129,92750.2
797,house,Puebla,,,73,37670.83
798,apartment,Estado de México,,,100,313695.32
799,apartment,Distrito Federal,,,68,49051.11
800,house,Nayarit,,,220,165172.12
801,apartment,Distrito Federal,,,70,121178.91
802,apartment,Estado de México,,,155,226551.88
803,house,San Luis Potosí,,,354,208111.61
804,house,Estado de México,,,80,127880.63
805,apartment,Querétaro,,,80,44794.13
806,apartment,Distrito Federal,,,133,59426.13
807,house,Estado de México,,,192,125920.69
808,apartment,Distrito Federal,,,80,91411.04
809,apartment,Guerrero,,,185,157917.19
810,house,Sinaloa,,,211,81137.18
811,house,Yucatán,,,250,105397.95
812,apartment,Guerrero,,,145,81664.04
813,house,Veracruz de Ignacio de la Llave,,,180,110667.85
814,house,Puebla,,,299,231820.52
815,house,Veracruz de Ignacio de la Llave,,,140,47417.83
816,house,Yucatán,,,240,138058.14
817,apartment,Distrito Federal,,,102,187081.37
818,house,Querétaro,,,187,134350.53
819,apartment,Distrito Federal,,,70,66911.83
820,house,Estado de México,,,239,132769.93
821,apartment,Distrito Federal,,,72,40645.77
822,house,Jalisco,,,84,65858.1
823,house,Tabasco,,,151,237145.4
824,house,Querétaro,,,177,115937.75
825,apartment,Puebla,,,116,171231.07
826,apartment,Distrito Federal,,,60,38812.39
827,house,Veracruz de Ignacio de la Llave,,,181,129112.49
828,house,Veracruz de Ignacio de la Llave,,,175,115937.75
829,house,Estado de México,,,370,316193.86
830,apartment,Nuevo León,,,73,106110.57
831,house,Estado de México,,,220,150156.47
832,house,Chiapas,,,235,171231.07
833,house,Colima,,,176,62170.05
834,house,Baja California,,,170,95499.52
835,house,Morelos,,,73,36783.88
836,house,Morelos,,,185,189716.32
837,house,Distrito Federal,,,200,228450.07
838,house,Nuevo León,,,127,131747.44
839,house,Estado de México,,,110,143834.1
840,house,Nuevo León,,,281,152790.8
841,apartment,Distrito Federal,,,75,34421.81
842,apartment,Guerrero,,,72,48471.56
843,house,Chiapas,,,185,82717.77
844,house,Hidalgo,,,120,63223.78
845,house,Estado de México,,,200,158059.45
846,house,Guerrero,,,168,115937.75
847,apartment,Yucatán,,,144,79048.46
848,house,Distrito Federal,,,90,131716.2
849,house,Distrito Federal,,,182,68492.42
850,apartment,Distrito Federal,,,91,79029.72
851,house,Tamaulipas,,,76,35826.8
852,apartment,Distrito Federal,,,75,36882.11
853,house,Durango,,,245,92201.34
854,apartment,Estado de México,,,120,59711.33
855,apartment,San Luis Potosí,,,140,73234.21
856,house,Veracruz de Ignacio de la Llave,,,348,155425.12
857,house,Veracruz de Ignacio de la Llave,,,300,142253.5
858,house,Querétaro,,,290,208111.61
859,house,San Luis Potosí,,,180,50064.02
860,house,Morelos,,,162,89567.02
861,house,Veracruz de Ignacio de la Llave,,,190,94331.17
862,house,Distrito Federal,,,300,207057.88
863,house,Chiapas,,,215,163366.83
864,house,Morelos,,,80,34246.21
865,house,Campeche,,,160,115937.75
866,house,Querétaro,,,271,179134.04
867,house,Hidalgo,,,169,84054.87
868,apartment,Distrito Federal,,,80,85899.33
869,house,Jalisco,,,230,131716.2
870,house,Guanajuato,,,167,68492.42
871,house,Yucatán,,,349,200256.11
872,house,Distrito Federal,,,272,260798.09
873,house,Nuevo León,,,347,292796.2
874,house,Yucatán,,,305,194986.21
875,house,Morelos,,,270,255590.04
876,house,Querétaro,,,75,35563.37
877,house,Estado de México,,,218,255529.44
878,house,Estado de México,,,340,250260.79
879,house,Querétaro,,,170,123842.59
880,house,Veracruz de Ignacio de la Llave,,,240,115937.75
881,house,Distrito Federal,,,100,57287.8
882,house,Distrito Federal,,,130,119651
883,apartment,Estado de México,,,76,34245.11
884,house,Morelos,,,106,105372.96
885,house,Distrito Federal,,,278,183875.82
886,house,Querétaro,,,285,231875.5
887,house,Querétaro,,,300,200208.63
888,apartment,Distrito Federal,,,85,76740.25
889,house,Querétaro,,,137,83264.38
890,house,Chiapas,,,160,154371.39
891,house,Morelos,,,94,55333.92
892,house,Nuevo León,,,220,165962.42
893,apartment,Distrito Federal,,,80,131400.09
894,house,Guerrero,,,100,50052.15
895,apartment,Distrito Federal,,,92,142253.5
896,house,Estado de México,,,270,231820.52
897,apartment,Distrito Federal,,,107,215482.45
898,house,Yucatán,,,280,110351.66
899,house,Puebla,,,350,226551.88
900,apartment,Estado de México,,,69,38461.13
901,apartment,Estado de México,,,60,39146.05
902,house,Tabasco,,,151,115910.26
903,house,Puebla,,,160,84318.36
904,house,Morelos,,,200,129081.88
905,house,Jalisco,,,300,134350.53
906,house,Nuevo León,,,150,35308.31
907,house,Baja California Sur,,,330,290434.24
908,house,Baja California,,,102,61643.18
909,house,Querétaro,,,200,121705.77
910,apartment,Oaxaca,,,94,51118
911,house,Estado de México,,,160,111194.84
912,house,Yucatán,,,174,82842.79
913,apartment,Distrito Federal,,,69,84298.37
914,house,Morelos,,,210,118572.7
915,apartment,Nuevo León,,,110,262378.68
916,house,Morelos,,,380,289775.66
917,house,Querétaro,,,132,86953.31
918,house,Chiapas,,,165,71126.75
919,house,Distrito Federal,,,300,179239.41
920,apartment,Quintana Roo,,,145,115437.11
921,apartment,Nuevo León,,,126,175924.99
922,house,Distrito Federal,,,80,46715.31
923,house,Querétaro,,,180,118572.7
924,house,Nuevo León,,,194,76395.4
925,house,Quintana Roo,,,185,97469.99
926,house,Guerrero,,,300,98787.15
927,apartment,Distrito Federal,,,80,53158.18
928,apartment,Distrito Federal,,,64,76395.4
929,house,Veracruz de Ignacio de la Llave,,,95,38461.13
930,house,Tamaulipas,,,232,139652.29
931,house,Morelos,,,192,173906.62
932,apartment,Distrito Federal,,,60,34983.82
933,apartment,Yucatán,,,131,77467.49
934,house,Chiapas,,,240,97469.99
935,house,Estado de México,,,356,288721.93
936,house,Estado de México,,,150,57968.87
937,house,Estado de México,,,110,138934.25
938,apartment,Distrito Federal,,,70,49273.54
939,house,Sonora,,,357,210745.93
940,house,Chiapas,,,256,60603.82
941,house,Nuevo León,,,300,162393.9
942,house,Baja California Sur,,,204,135963.36
943,house,Distrito Federal,,,190,102369.83
944,house,Estado de México,,,139,252895.12
945,house,Chihuahua,,,115,46890.97
946,house,Yucatán,,,90,60603.82
947,apartment,Distrito Federal,,,85,94835.67
948,house,Estado de México,,,70,34254.33
949,house,Querétaro,,,90,37353.34
950,house,Yucatán,,,200,79029.72
951,house,Morelos,,,300,147522.15
952,house,Nuevo León,,,380,200256.11
953,house,Baja California,,,92,51632.75
954,house,Jalisco,,,290,152790.8
955,house,Estado de México,,,90,52686.48
956,house,Querétaro,,,136,79048.46
957,apartment,San Luis Potosí,,,174,143868.21
958,apartment,Distrito Federal,,,65,135225.12
959,house,Estado de México,,,343,191620.74
960,house,Querétaro,,,176,110140.86
961,apartment,Distrito Federal,,,145,123813.23
962,house,Jalisco,,,100,184402.69
963,house,Nuevo León,,,90,242357.82
964,house,Morelos,,,140,51632.75
965,house,Querétaro,,,250,150192.08
966,house,Estado de México,,,80,36889.28
967,house,Puebla,,,202,150894.08
968,house,Nuevo León,,,299,194939.99
969,house,Querétaro,,,100,115910.26
970,house,Puebla,,,182,108559.89
971,apartment,Distrito Federal,,,62,50591.01
972,house,Quintana Roo,,,200,158096.93
973,house,Estado de México,,,106,38724.56
974,house,Sinaloa,,,150,93781.94
975,house,Colima,,,161,52633.79
976,house,Nuevo León,,,266,144700.85
977,house,Morelos,,,250,242357.82
978,apartment,Distrito Federal,,,83,115910.26
979,house,Yucatán,,,175,126214.05
980,house,Morelos,,,270,229186.2
981,apartment,Distrito Federal,,,88,100104.31
982,house,Morelos,,,145,102738.64
983,house,Distrito Federal,,,350,161258.87
984,house,Morelos,,,68,43202.91
985,house,Nuevo León,,,210,155425.12
986,apartment,Distrito Federal,,,127,289775.66
987,apartment,Distrito Federal,,,70,44048.85
988,apartment,Distrito Federal,,,82,154898.26
989,house,San Luis Potosí,,,172,50157.53
990,apartment,Distrito Federal,,,83,177695.7
991,apartment,Estado de México,,,87,84318.36
992,house,Estado de México,,,200,92223.21
993,house,Yucatán,,,235,146995.28
994,house,Tamaulipas,,,218,118572.7
995,house,Querétaro,,,184,93804.18
996,apartment,Distrito Federal,,,79,137017.34
997,house,Veracruz de Ignacio de la Llave,,,293,158059.45
998,apartment,San Luis Potosí,,,144,90620.75
999,house,Yucatán,,,374,247421.7
1000,house,Tamaulipas,,,140,73778.56
1001,house,Morelos,,,92,64556.24
1002,house,Veracruz de Ignacio de la Llave,,,200,108007.29
1003,house,Morelos,,,80,44783.51
1004,house,Morelos,,,250,292900.92
1005,house,Morelos,,,180,168596.74
1006,house,Nuevo León,,,254,139652.29
1007,apartment,Distrito Federal,,,60,35890.24
1008,apartment,Distrito Federal,,,78,150830.86
1009,house,Estado de México,,,126,68492.42
1010,house,Estado de México,,,350,210745.93
1011,house,Querétaro,,,156,86953.31
1012,house,Querétaro,,,227,125920.69
1013,house,Baja California,,,102,61643.18
1014,house,Distrito Federal,,,160,106127.01
1015,house,Yucatán,,,270,164947.8
1016,house,Jalisco,,,204,94835.67
1017,house,Querétaro,,,80,34246.21
1018,house,Morelos,,,130,47417.83
1019,house,Guanajuato,,,195,94858.16
1020,house,Tamaulipas,,,350,237145.4
1021,house,Tamaulipas,,,109,45848.11
1022,house,Morelos,,,67,34254.33
1023,house,Jalisco,,,361,194939.99
1024,house,Nuevo León,,,311,240884.28
1025,house,Puebla,,,243,101445.53
1026,house,Aguascalientes,,,245,78502.86
1027,house,Campeche,,,180,76413.51
1028,house,Estado de México,,,150,168596.74
1029,house,Distrito Federal,,,150,45057.62
1030,house,Chihuahua,,,78,51632.75
1031,apartment,Distrito Federal,,,90,53832.41
1032,house,Puebla,,,175,118544.58
1033,house,Morelos,,,160,99577.45
1034,house,Morelos,,,70,46469.47
1035,house,Chiapas,,,140,73778.56
1036,house,Veracruz de Ignacio de la Llave,,,200,289775.66
1037,house,San Luis Potosí,,,80,39514.86
1038,apartment,Veracruz de Ignacio de la Llave,,,93,76413.51
1039,house,Estado de México,,,140,68508.67
1040,house,Quintana Roo,,,100,36880.53
1041,house,Querétaro,,,301,274034.68
1042,house,Yucatán,,,325,187081.37
1043,apartment,Distrito Federal,,,100,71653.61
1044,house,Yucatán,,,190,97493.1
1045,house,Veracruz de Ignacio de la Llave,,,110,67860.19
1046,house,Nuevo León,,,190,88513.29
1047,house,Estado de México,,,177,80083.45
1048,house,San Luis Potosí,,,197,147557.13
1049,house,Yucatán,,,320,150192.08
1050,house,Estado de México,,,80,47944.7
1051,house,Querétaro,,,82,36248.3
1052,house,Estado de México,,,99,75783.82
1053,apartment,Distrito Federal,,,208,131716.2
1054,house,Yucatán,,,290,126477.54
1055,house,Tamaulipas,,,178,51644.99
1056,house,Jalisco,,,340,262440.91
1057,house,Tlaxcala,,,85,35826.8
1058,apartment,Chiapas,,,102,46364.1
1059,house,Chiapas,,,150,94835.67
1060,house,Veracruz de Ignacio de la Llave,,,104,33192.48
1061,house,San Luis Potosí,,,270,163328.09
1062,apartment,Yucatán,,,119,115814.11
1063,house,Estado de México,,,125,73761.07
1064,house,Querétaro,,,139,97469.99
1065,house,Guanajuato,,,360,178607.18
1066,apartment,Distrito Federal,,,70,54235.15
1067,house,Querétaro,,,150,51105.88
1068,apartment,Distrito Federal,,,84,115910.26
1069,house,Veracruz de Ignacio de la Llave,,,180,79029.72
1070,house,Jalisco,,,120,71143.62
1071,apartment,Yucatán,,,142,91169.23
1072,apartment,Distrito Federal,,,65,44178.77
1073,house,Distrito Federal,,,200,152790.8
1074,house,Tamaulipas,,,200,121207.64
1075,house,Guerrero,,,131,47417.83
1076,house,Veracruz de Ignacio de la Llave,,,200,104319.23
1077,apartment,Puebla,,,93,57884.47
1078,house,Querétaro,,,202,121207.64
1079,house,Quintana Roo,,,370,200256.11
1080,house,Baja California,,,86,52605.29
1081,apartment,Yucatán,,,63,44794.13
1082,apartment,Baja California,,,95,84313.09
1083,house,Querétaro,,,290,236091.42
1084,apartment,Tamaulipas,,,128,85878.96
1085,house,Puebla,,,120,59535.72
1086,house,Morelos,,,180,81664.04
1087,house,Estado de México,,,198,53666.55
1088,house,Yucatán,,,377,224339.55
1089,apartment,Distrito Federal,,,92,67438.69
1090,house,Estado de México,,,100,80083.45
1091,apartment,Yucatán,,,82,62696.91
1092,house,Colima,,,105,46627.53
1093,house,Morelos,,,79,42941.43
1094,house,Yucatán,,,123,41095.45
1095,apartment,Quintana Roo,,,79,80015.91
1096,house,Morelos,,,376,263432.41
1097,apartment,Distrito Federal,,,70,85668.22
1098,house,Sinaloa,,,105,55847.67
1099,house,Estado de México,,,200,229240.55
1100,house,Querétaro,,,160,121178.91
1101,house,Estado de México,,,133,67438.69
1102,house,Chihuahua,,,250,63238.77
1103,house,Guanajuato,,,100,127584.22
1104,house,Puebla,,,113,57955.13
1105,house,Querétaro,,,130,99601.06
1106,house,San Luis Potosí,,,211,165467.83
1107,house,Yucatán,,,200,77994.48
1108,apartment,Chiapas,,,84,52686.48
1109,house,Estado de México,,,179,94203.43
1110,house,Quintana Roo,,,251,187037.01
1111,house,Distrito Federal,,,115,81683.41
1112,apartment,Distrito Federal,,,65,163064.66
1113,house,Yucatán,,,169,55333.92
1114,house,Aguascalientes,,,350,193359.39
1115,house,Nuevo León,,,309,158096.93
1116,house,Estado de México,,,200,72865.4
1117,house,Durango,,,98,36090.24
1118,house,Estado de México,,,83,45447.36
1119,house,Distrito Federal,,,275,167543.01
1120,house,Querétaro,,,286,183875.82
1121,house,Jalisco,,,70,35299.94
1122,house,Sinaloa,,,190,55320.8
1123,house,Estado de México,,,75,70757.94
1124,house,Sonora,,,236,115910.26
1125,apartment,Distrito Federal,,,195,289775.66
1126,house,Nuevo León,,,150,110969.16
1127,house,Chihuahua,,,274,173906.62
1128,house,Tamaulipas,,,81,44256.64
1129,house,Morelos,,,186,118544.58
1130,apartment,Distrito Federal,,,100,159320.71
1131,house,Morelos,,,200,63223.78
1132,house,Nuevo León,,,350,252895.12
1133,house,Chiapas,,,90,37934.26
1134,apartment,Puebla,,,104,92201.34
1135,house,Distrito Federal,,,229,157690.64
1136,apartment,Morelos,,,76,43729.78
1137,apartment,Distrito Federal,,,60,84845.35
1138,apartment,Estado de México,,,100,43202.91
1139,house,Estado de México,,,85,57968.87
1140,house,Guerrero,,,275,316118.9
1141,house,Yucatán,,,195,91632.19
1142,house,Tabasco,,,205,88513.29
1143,apartment,Distrito Federal,,,80,65120.49
1144,house,Hidalgo,,,150,92223.21
1145,house,Veracruz de Ignacio de la Llave,,,120,44783.51
1146,apartment,Distrito Federal,,,84,71653.61
1147,apartment,Distrito Federal,,,60,105372.96
1148,house,Morelos,,,180,63223.78
1149,apartment,Distrito Federal,,,60,36260.68
1150,house,Sinaloa,,,95,44794.13
1151,apartment,Distrito Federal,,,110,121863.83
1152,house,Morelos,,,120,105372.96
1153,house,Veracruz de Ignacio de la Llave,,,140,51632.75
1154,house,Jalisco,,,175,121178.91
1155,house,Morelos,,,100,47417.83
1156,house,Yucatán,,,81,39524.23
1157,house,San Luis Potosí,,,360,245050.24
1158,house,Estado de México,,,115,110667.85
